query,title,image,link,price,mallName,category1,category2,category3,category4,category_simple,situation_tags,mood_tags,style_tags,season_tags
캠퍼스룩 후드티,Campus look hoodie 캠퍼스룩 남자 후드티 맨투맨,https://shopping-phinf.pstatic.net/main_8572442/85724421620.jpg,https://smartstore.naver.com/main/products/8179921297,55000,오케굿예스,패션의류,남성의류,티셔츠,,상의,"데일리,캠퍼스","캐주얼,편안한","데일리룩,캠퍼스룩","가을,봄"
캠퍼스룩 후드티,나이키 남자 캠퍼스 후드티셔츠 클럽 퓨추라 그래픽 풀오버 클래식 후디,https://shopping-phinf.pstatic.net/main_8999981/89999810643.jpg,https://smartstore.naver.com/main/products/12455299896,94900,홍대P컴퍼니,패션의류,남성의류,티셔츠,,상의,"데일리,캠퍼스","캐주얼,편안한","데일리룩,캠퍼스룩","가을,봄"
캠퍼스룩 후드티,남자후드티 겨울 간절기 기모 대학생 캠퍼스 룩 후드 티셔츠 무지,https://shopping-phinf.pstatic.net/main_5819263/58192631206.20251218220332.jpg,https://search.shopping.naver.com/catalog/58192631206,13470,네이버,패션의류,남성의류,티셔츠,,상의,"데일리,캠퍼스","캐주얼,편안한","데일리룩,캠퍼스룩","가을,봄"
캠퍼스룩 후드티,후드티 스프링 핸드워머 오버핏 티셔츠,https://shopping-phinf.pstatic.net/main_8686671/86866713391.jpg,https://smartstore.naver.com/main/products/9322213068,38900,오버핏 티셔츠,패션의류,남성의류,티셔츠,,상의,"데일리,캠퍼스","캐주얼,편안한","데일리룩,캠퍼스룩","가을,봄"
캠퍼스룩 후드티,핀터 굿바이 로스엔젤레스 후드티 - 캐주얼 로스엔젤레스 데일리 후드,https://shopping-phinf.pstatic.net/main_8905871/89058716636.jpg,https://smartstore.naver.com/main/products/11514206263,54900,왓어룩,패션의류,남성의류,티셔츠,,상의,"데일리,캠퍼스","캐주얼,편안한","데일리룩,캠퍼스룩","가을,봄"
캠퍼스룩 후드티,슬램 프린팅 후드티,https://shopping-phinf.pstatic.net/main_8693330/86933309693.jpg,https://smartstore.naver.com/main/products/9388809370,57800,JLOOK,패션의류,남성의류,티셔츠,,상의,"데일리,캠퍼스","캐주얼,편안한","데일리룩,캠퍼스룩","가을,봄"
캠퍼스룩 후드티,핀터 굿바이 로스엔젤레스 후드티 - 캐주얼 로스엔젤레스 데일리 후드,https://shopping-phinf.pstatic.net/main_8905871/89058716637.jpg,https://shopping.naver.com/outlink/itemdetail/11514206265,54900,왓어룩,패션의류,남성의류,티셔츠,,상의,"데일리,캠퍼스","캐주얼,편안한","데일리룩,캠퍼스룩","가을,봄"
캠퍼스룩 후드티,핸드스프레이 하트 레터링 오버핏 후드 티셔츠,https://shopping-phinf.pstatic.net/main_8752358/87523581448.jpg,https://smartstore.naver.com/main/products/9979079175,43100,오버핏 티셔츠,패션의류,남성의류,티셔츠,,상의,"데일리,캠퍼스","캐주얼,편안한","데일리룩,캠퍼스룩","가을,봄"
캠퍼스룩 후드티,남자 오버핏 부클 자수 센트럴 오버핏 후드 티셔츠,https://shopping-phinf.pstatic.net/main_8714623/87146233747.jpg,https://smartstore.naver.com/main/products/9601731477,46500,오버핏 티셔츠,패션의류,남성의류,티셔츠,,상의,"데일리,캠퍼스","캐주얼,편안한","데일리룩,캠퍼스룩","가을,봄"
캠퍼스룩 후드티,남자 오버핏 꽈배기 니트 후드티 맨투맨 티셔츠,https://shopping-phinf.pstatic.net/main_8725226/87252261572.jpg,https://smartstore.naver.com/main/products/9707759303,48000,오버핏 티셔츠,패션의류,남성의류,티셔츠,,상의,"데일리,캠퍼스","캐주얼,편안한","데일리룩,캠퍼스룩","가을,봄"
캠퍼스룩 후드티,남자 오버핏 하트 스프레이 레터링 후드 티셔츠 스트릿,https://shopping-phinf.pstatic.net/main_8752375/87523759896.jpg,https://smartstore.naver.com/main/products/9979257623,39900,남자 티셔츠,패션의류,남성의류,티셔츠,,상의,"데일리,캠퍼스","캐주얼,편안한","데일리룩,캠퍼스룩","가을,봄"
캠퍼스룩 후드티,남자 오버핏 1992 스탠다드 후드 티셔츠 4color,https://shopping-phinf.pstatic.net/main_8898325/88983251916.jpg,https://smartstore.naver.com/main/products/11438741551,36000,남자 티셔츠,패션의류,남성의류,티셔츠,,상의,"데일리,캠퍼스","캐주얼,편안한","데일리룩,캠퍼스룩","가을,봄"
캠퍼스룩 후드티,1989스탠다드 캐쥬얼 캠퍼스룩 후드 티셔츠 SY0167,https://shopping-phinf.pstatic.net/main_5824438/58244387194.20251223153303.jpg,https://search.shopping.naver.com/catalog/58244387194,54000,네이버,패션의류,남성의류,티셔츠,,상의,"데일리,캠퍼스","캐주얼,편안한","데일리룩,캠퍼스룩","가을,봄"
캠퍼스룩 후드티,아디다스 오리지널 남성 캠퍼스 후드티 블랙,https://shopping-phinf.pstatic.net/main_8494680/84946804399.jpg,https://smartstore.naver.com/main/products/7402304077,122000,젠머샵,패션의류,남성의류,티셔츠,,상의,"데일리,캠퍼스","캐주얼,편안한","데일리룩,캠퍼스룩","가을,봄"
캠퍼스룩 후드티,캠퍼스후드티 커플후드티,https://shopping-phinf.pstatic.net/main_8753334/87533348048.1.jpg,https://smartstore.naver.com/main/products/9988845775,48900,하이파운드.,패션의류,남성의류,티셔츠,,상의,"데일리,캠퍼스","캐주얼,편안한","데일리룩,캠퍼스룩","가을,봄"
캠퍼스룩 후드티,(쿠폰1000) 이중지 캐스케이드 캠퍼스 후드티 4컬러,https://shopping-phinf.pstatic.net/main_8887676/88876769812.jpg,https://smartstore.naver.com/main/products/11332259481,39800,태가나네,패션의류,남성의류,티셔츠,,상의,"데일리,캠퍼스","캐주얼,편안한","데일리룩,캠퍼스룩","가을,봄"
캠퍼스룩 후드티,챔피온 재팬 직영점 한정판 리버스위브 캠퍼스 후드티,https://shopping-phinf.pstatic.net/main_8374775/83747754670.jpg,https://smartstore.naver.com/main/products/6203255092,193000,셀렉샵 리코,패션의류,남성의류,티셔츠,,상의,"데일리,캠퍼스","캐주얼,편안한","데일리룩,캠퍼스룩","가을,봄"
캠퍼스룩 후드티,룩하루 루나틱 캠퍼스 후드 [4colors 남자 오버 핏 두꺼운 헤비 후드티 남성 후드 레터링 빅 사이즈 맨투맨 티셔츠 모자큰 스트릿 힙합 가을 겨울 캐주얼 룩],https://shopping-phinf.pstatic.net/main_8764920/87649201264.jpg,https://smartstore.naver.com/main/products/10104698494,39500,룩하루,패션의류,남성의류,티셔츠,,상의,"데일리,캠퍼스","캐주얼,편안한","데일리룩,캠퍼스룩","가을,봄"
캠퍼스룩 후드티,남자 데일리 봄 가을 겨울 캠퍼스룩 오버핏 후드티,https://shopping-phinf.pstatic.net/main_8973387/89733877865.jpg,https://smartstore.naver.com/main/products/12189367160,15620,민들레샾,패션의류,남성의류,티셔츠,,상의,"데일리,캠퍼스","캐주얼,편안한","데일리룩,캠퍼스룩","가을,봄"
캠퍼스룩 후드티,남자 오버핏 프린팅 기모후드티 남성 캠퍼스룩 남친룩 루즈핏후드 빅사이즈포함 2컬러,https://shopping-phinf.pstatic.net/main_8850992/88509921191.jpg,https://smartstore.naver.com/main/products/10965415148,11900,제이오상점,패션의류,남성의류,티셔츠,,상의,"데일리,캠퍼스","캐주얼,편안한","데일리룩,캠퍼스룩","가을,봄"
캠퍼스룩 청바지,옷자락 여자 다트 벌룬 와이드 캣워싱 연청 캠퍼스룩 청바지,https://shopping-phinf.pstatic.net/main_5977698/59776983574.20260424005202.jpg,https://search.shopping.naver.com/catalog/59776983574,35400,네이버,패션의류,여성의류,청바지,,하의,"데일리,캠퍼스","캐주얼,편안한","데일리룩,캠퍼스룩","가을,봄"
캠퍼스룩 청바지,옷자락 여자 봄 부츠컷 맥시 와이드진 워싱 캠퍼스룩 청바지,https://shopping-phinf.pstatic.net/main_5325193/53251934128.20250509004633.jpg,https://search.shopping.naver.com/catalog/53251934128,27720,네이버,패션의류,여성의류,청바지,,하의,"데일리,캠퍼스","캐주얼,편안한","데일리룩,캠퍼스룩","가을,봄"
캠퍼스룩 청바지,옷자락 여자 부츠컷 워싱 맥시 와이드진 캠퍼스룩 청바지,https://shopping-phinf.pstatic.net/main_5981034/59810341394.20260426234128.jpg,https://search.shopping.naver.com/catalog/59810341394,48670,네이버,패션의류,여성의류,청바지,,하의,"데일리,캠퍼스","캐주얼,편안한","데일리룩,캠퍼스룩","가을,봄"
캠퍼스룩 청바지,VY 여자 워싱 앞포켓 논스판 와이드진 캠퍼스룩 청바지 16309972 588847,https://shopping-phinf.pstatic.net/main_4633943/46339434444.20240312173934.jpg,https://search.shopping.naver.com/catalog/46339434444,49420,네이버,패션의류,여성의류,청바지,,하의,"데일리,캠퍼스","캐주얼,편안한","데일리룩,캠퍼스룩","가을,봄"
캠퍼스룩 청바지,다잇템 여자 맥시와이드 펌킨 스트릿 캠퍼스룩 청바지,https://shopping-phinf.pstatic.net/main_5343276/53432761414.20250308204209.jpg,https://search.shopping.naver.com/catalog/53432761414,55510,네이버,패션의류,여성의류,청바지,,하의,"데일리,캠퍼스","캐주얼,편안한","데일리룩,캠퍼스룩","가을,봄"
캠퍼스룩 청바지,여자 다트 벌룬 와이드 캣워싱 캠퍼스룩 청바지 (48385766),https://shopping-phinf.pstatic.net/main_5996006/59960060991.jpg,http://www.ssg.com/item/itemView.ssg?itemId=1000825449042&siteNo=6001&salestrNo=6005&ckwhere=ssg_naver&appPopYn=n&utm_medium=PCS&utm_source=naver&utm_campaign=naver_pcs,48878,SSG닷컴,패션의류,여성의류,청바지,,하의,"데일리,캠퍼스","캐주얼,편안한","데일리룩,캠퍼스룩","가을,봄"
캠퍼스룩 청바지,여자 다트 벌룬 와이드 캣워싱 캠퍼스룩 청바지 (48385766),https://shopping-phinf.pstatic.net/main_5995998/59959984456.jpg,http://shinsegaemall.ssg.com/item/itemView.ssg?itemId=1000825449042&siteNo=6004&salestrNo=6005&ckwhere=s_naver&appPopYn=n&utm_medium=PCS&utm_source=naver&utm_campaign=naver_pcs,48878,신세계몰,패션의류,여성의류,청바지,,하의,"데일리,캠퍼스","캐주얼,편안한","데일리룩,캠퍼스룩","가을,봄"
캠퍼스룩 청바지,여자 다트 벌룬 와이드 캣워싱 캠퍼스룩 청바지 (48385766),https://shopping-phinf.pstatic.net/main_5995928/59959282738.jpg,https://link.gmarket.co.kr/gate/pcs?item-no=4747860900&sub-id=1003&service-code=10000003&lcd=100000103,47340,G마켓,패션의류,여성의류,청바지,,하의,"데일리,캠퍼스","캐주얼,편안한","데일리룩,캠퍼스룩","가을,봄"
캠퍼스룩 청바지,여자 다트 벌룬 와이드 캣워싱 캠퍼스룩 청바지 (48385766),https://shopping-phinf.pstatic.net/main_5995919/59959192146.jpg,https://www.lotteon.com/p/product/LO2674489789?sitmNo=LO2674489789_2674489790&ch_no=100065&ch_dtl_no=1000030&entryPoint=pcs&dp_infw_cd=CHT,51450,롯데ON,패션의류,여성의류,청바지,,하의,"데일리,캠퍼스","캐주얼,편안한","데일리룩,캠퍼스룩","가을,봄"
캠퍼스룩 청바지,여자 다트 벌룬 와이드 캣워싱 캠퍼스룩 청바지 (48385766),https://shopping-phinf.pstatic.net/main_5995888/59958887877.jpg,https://link.auction.co.kr/gate/pcs?item-no=F555813267&sub-id=1&service-code=10000003,47330,옥션,패션의류,여성의류,청바지,,하의,"데일리,캠퍼스","캐주얼,편안한","데일리룩,캠퍼스룩","가을,봄"
캠퍼스룩 청바지,여자 세미와이드 밑단컷팅 진청 봄 캠퍼스룩 청바지,https://shopping-phinf.pstatic.net/main_5970794/59707940517.jpg,https://www.11st.co.kr/connect/Gateway.tmall?method=Xsite&prdNo=9280973415&tid=1000000061,56910,11번가,패션의류,여성의류,청바지,,하의,"데일리,캠퍼스","캐주얼,편안한","데일리룩,캠퍼스룩","가을,봄"
캠퍼스룩 청바지,옷자락(osjarak) 여자 다트 벌룬 와이드 캣워싱 캠퍼스룩 청바지,https://shopping-phinf.pstatic.net/main_5995844/59958448029.jpg,https://link.gmarket.co.kr/gate/pcs?item-no=4747805742&sub-id=1003&service-code=10000003&lcd=100000105,46730,G마켓,패션의류,여성의류,청바지,,하의,"데일리,캠퍼스","캐주얼,편안한","데일리룩,캠퍼스룩","가을,봄"
캠퍼스룩 청바지,옷자락 여자 다트 벌룬 와이드 캣워싱 캠퍼스룩 청바지,https://shopping-phinf.pstatic.net/main_5995695/59956958296.jpg,https://link.auction.co.kr/gate/pcs?item-no=F555756272&sub-id=1&service-code=10000003,46720,옥션,패션의류,여성의류,청바지,,하의,"데일리,캠퍼스","캐주얼,편안한","데일리룩,캠퍼스룩","가을,봄"
캠퍼스룩 청바지,옷자락(osjarak) 여자 편한 일자핏 통핏 고무줄 캠퍼스룩 청바지,https://shopping-phinf.pstatic.net/main_5966662/59666625797.jpg,https://link.gmarket.co.kr/gate/pcs?item-no=3884227053&sub-id=1003&service-code=10000003&lcd=100000103,18250,G마켓,패션의류,여성의류,청바지,,하의,"데일리,캠퍼스","캐주얼,편안한","데일리룩,캠퍼스룩","가을,봄"
캠퍼스룩 청바지,텐바이텐 여자 봄 부츠컷 맥시 와이드진 캠퍼스룩 청바지,https://shopping-phinf.pstatic.net/main_5995222/59952221608.jpg,https://www.lotteon.com/p/product/LO2673989533?sitmNo=LO2673989533_2673989534&ch_no=100065&ch_dtl_no=1000030&entryPoint=pcs&dp_infw_cd=CHT,52190,롯데ON,패션의류,여성의류,청바지,,하의,"데일리,캠퍼스","캐주얼,편안한","데일리룩,캠퍼스룩","가을,봄"
캠퍼스룩 청바지,여자 와이드 루즈핏 연데님 면 봄팬츠 캠퍼스룩 청바지,https://shopping-phinf.pstatic.net/main_5969438/59694384397.jpg,https://www.11st.co.kr/connect/Gateway.tmall?method=Xsite&prdNo=9280967660&tid=1000000061,52450,11번가,패션의류,여성의류,청바지,,하의,"데일리,캠퍼스","캐주얼,편안한","데일리룩,캠퍼스룩","가을,봄"
캠퍼스룩 청바지,옷자락(osjarak) 여자 다트 벌룬 와이드 캣워싱 연청 캠퍼스룩 청바지,https://shopping-phinf.pstatic.net/main_5964704/59647044091.jpg,https://link.gmarket.co.kr/gate/pcs?item-no=4726570430&sub-id=1003&service-code=10000003&lcd=100000105,54100,G마켓,패션의류,여성의류,청바지,,하의,"데일리,캠퍼스","캐주얼,편안한","데일리룩,캠퍼스룩","가을,봄"
캠퍼스룩 청바지,옷자락 여자 다트 벌룬 와이드 캣워싱 연청 캠퍼스룩 청바지,https://shopping-phinf.pstatic.net/main_5964627/59646271076.jpg,https://link.auction.co.kr/gate/pcs?item-no=F533912840&sub-id=1&service-code=10000003,54090,옥션,패션의류,여성의류,청바지,,하의,"데일리,캠퍼스","캐주얼,편안한","데일리룩,캠퍼스룩","가을,봄"
캠퍼스룩 청바지,[하프클럽/다잇템]여성 캐쥬얼 캠퍼스룩 진 골덴 팬츠,https://shopping-phinf.pstatic.net/main_5997759/59977593127.jpg,https://www.11st.co.kr/connect/Gateway.tmall?method=Xsite&prdNo=9340098429&tid=1000000061,83480,11번가,패션의류,여성의류,청바지,,하의,"데일리,캠퍼스","캐주얼,편안한","데일리룩,캠퍼스룩","가을,봄"
캠퍼스룩 청바지,(현대Hmall) [하프클럽/다잇템]여성 캐쥬얼 캠퍼스룩 진 골덴 팬츠,https://shopping-phinf.pstatic.net/main_5997809/59978091528.jpg,https://www.lotteon.com/p/product/LO2675558669?sitmNo=LO2675558669_2675558670&ch_no=100065&ch_dtl_no=1000030&entryPoint=pcs&dp_infw_cd=CHT,88800,롯데ON,패션의류,여성의류,청바지,,하의,"데일리,캠퍼스","캐주얼,편안한","데일리룩,캠퍼스룩","가을,봄"
데이트룩 블라우스,면접 라운드넥 정장 이너 쉬폰 셔링 블라우스 긴팔,https://shopping-phinf.pstatic.net/main_8169920/81699209230.11.jpg,https://smartstore.naver.com/main/products/4154687905,36200,더웨이나인,패션의류,여성의류,블라우스/셔츠,,상의,데이트,"러블리,부드러운","데이트룩,페미닌","가을,봄"
데이트룩 블라우스,에어린 넥프릴 핀턱주름 퍼프 자수 블라우스 1col 여름 봄 레이스 코튼 크롭 제이플로우,https://shopping-phinf.pstatic.net/main_8779849/87798497057.110.jpg,https://smartstore.naver.com/main/products/10253993359,32500,제이플로우,패션의류,여성의류,블라우스/셔츠,,상의,데이트,"러블리,부드러운","데이트룩,페미닌","가을,봄"
데이트룩 블라우스,폴로 린넨 셔츠 여성 보이즈 시어서커 남방,https://shopping-phinf.pstatic.net/main_8927540/89275402553.4.jpg,https://smartstore.naver.com/main/products/11730892054,145800,부스더샵,패션의류,여성의류,블라우스/셔츠,,상의,데이트,"러블리,부드러운","데이트룩,페미닌","가을,봄"
데이트룩 블라우스,이블린 모달 빅카라 블라우스,https://shopping-phinf.pstatic.net/main_8382085/83820853826.3.jpg,https://smartstore.naver.com/main/products/6276351337,49400,사색,패션의류,여성의류,블라우스/셔츠,,상의,데이트,"러블리,부드러운","데이트룩,페미닌","가을,봄"
데이트룩 블라우스,렌토 V 타이 블라우스,https://shopping-phinf.pstatic.net/main_9051610/90516105554.jpg,https://smartstore.naver.com/main/products/12971594544,49700,사색,패션의류,여성의류,블라우스/셔츠,,상의,데이트,"러블리,부드러운","데이트룩,페미닌","가을,봄"
데이트룩 블라우스,[제작 / 2size] 로이 텐셀 여름 가을 블라우스 77 88 99 빅 사이즈 반팔 긴팔 노버핏 임부복 루즈핏 하객룩 출근룩 면접 라이크미,https://shopping-phinf.pstatic.net/main_8878040/88780408620.11.jpg,https://smartstore.naver.com/main/products/11235898289,41900,LIKE ME,패션의류,여성의류,블라우스/셔츠,,상의,데이트,"러블리,부드러운","데이트룩,페미닌","가을,봄"
데이트룩 블라우스,ab.f.z 레이스 펀칭 스퀘어넥 블라우스(AFZ2ZB34),https://shopping-phinf.pstatic.net/main_8770810/87708106931.3.jpg,https://shopping.naver.com/outlink/itemdetail/10163603588,35920,ab.f.z,패션의류,여성의류,블라우스/셔츠,,상의,데이트,"러블리,부드러운","데이트룩,페미닌","가을,봄"
데이트룩 블라우스,올오버 파르페 블라우스 여성 봄 루즈핏 프릴 자수 셔링 브이넥 블라우스,https://shopping-phinf.pstatic.net/main_9061367/90613670505.jpg,https://smartstore.naver.com/main/products/13069159413,43000,디어마이벨,패션의류,여성의류,블라우스/셔츠,,상의,데이트,"러블리,부드러운","데이트룩,페미닌","가을,봄"
데이트룩 블라우스,지오다노 여성셔츠 화이트 옥스포드 남방 출근룩 45502,https://shopping-phinf.pstatic.net/main_8840012/88400128818.1.jpg,https://shopping.naver.com/outlink/itemdetail/10855622805,21600,지오다노,패션의류,여성의류,블라우스/셔츠,,상의,데이트,"러블리,부드러운","데이트룩,페미닌","가을,봄"
데이트룩 블라우스,플라스틱아일랜드 소매 볼륨 핀턱 블라우스 PS2WB385,https://shopping-phinf.pstatic.net/main_5929176/59291763463.20260317223928.jpg,https://search.shopping.naver.com/catalog/59291763463,50560,네이버,패션의류,여성의류,블라우스/셔츠,,상의,데이트,"러블리,부드러운","데이트룩,페미닌","가을,봄"
데이트룩 블라우스,여름 여성 쉬폰 빅카라 오픈카라 브이넥 퍼프 반팔 블라우스 루즈핏 하객룩 오피스룩 데일리,https://shopping-phinf.pstatic.net/main_8250609/82506090976.6.jpg,https://smartstore.naver.com/main/products/4961570766,24900,오드리양장점,패션의류,여성의류,블라우스/셔츠,,상의,데이트,"러블리,부드러운","데이트룩,페미닌","가을,봄"
데이트룩 블라우스,미쏘 스퀘어넥 페플럼 블라우스 miwbwg501b,https://shopping-phinf.pstatic.net/main_5962926/59629268769.20260411235333.jpg,https://search.shopping.naver.com/catalog/59629268769,35700,네이버,패션의류,여성의류,블라우스/셔츠,,상의,데이트,"러블리,부드러운","데이트룩,페미닌","가을,봄"
데이트룩 블라우스,미쏘 스퀘어넥 반팔 블라우스 MIWBWG3B02,https://shopping-phinf.pstatic.net/main_5903356/59033568393.20260225012449.jpg,https://search.shopping.naver.com/catalog/59033568393,23900,네이버,패션의류,여성의류,블라우스/셔츠,,상의,데이트,"러블리,부드러운","데이트룩,페미닌","가을,봄"
데이트룩 블라우스,제로스트릿 반팔 타이 블라우스 ZMMFSH218,https://shopping-phinf.pstatic.net/main_5463091/54630916465.20250507183134.jpg,https://search.shopping.naver.com/catalog/54630916465,26430,네이버,패션의류,여성의류,블라우스/셔츠,,상의,데이트,"러블리,부드러운","데이트룩,페미닌","가을,봄"
데이트룩 블라우스,(블루그레이당일) 르누보 시스 블라우스 허리 스트랩 여리핏 데이트룩,https://shopping-phinf.pstatic.net/main_8842347/88423476820.jpg,https://smartstore.naver.com/main/products/10878970807,42000,늘품다,패션의류,여성의류,블라우스/셔츠,,상의,데이트,"러블리,부드러운","데이트룩,페미닌","가을,봄"
데이트룩 블라우스,씨씨콜렉트 크링클 오픈 블라우스 E252PSC170,https://shopping-phinf.pstatic.net/main_5586537/55865370227.20250719182007.jpg,https://search.shopping.naver.com/catalog/55865370227,83600,네이버,패션의류,여성의류,블라우스/셔츠,,상의,데이트,"러블리,부드러운","데이트룩,페미닌","가을,봄"
데이트룩 블라우스,멜라운지 캐리 핀턱 뷔스티에 mellounge 나시 프릴 이너 떠유니,https://shopping-phinf.pstatic.net/main_8895919/88959196140.1.jpg,https://smartstore.naver.com/main/products/11414685775,39000,ttoyuni,패션의류,여성의류,블라우스/셔츠,,상의,데이트,"러블리,부드러운","데이트룩,페미닌","가을,봄"
데이트룩 블라우스,[당일] Pyt 프리티영띵 엠마 블라우스 레이스 프영띵 스윗아이,https://shopping-phinf.pstatic.net/main_8569849/85698499869.3.jpg,https://smartstore.naver.com/main/products/8153999546,49500,스윗 아이,패션의류,여성의류,블라우스/셔츠,,상의,데이트,"러블리,부드러운","데이트룩,페미닌","가을,봄"
데이트룩 블라우스,서드 브이넥 레이드자수 텐셀 루즈핏 블라우스 1col 봄 가을 벌룬 퍼프 프릴 제이플로우,https://shopping-phinf.pstatic.net/main_8941419/89414193400.jpg,https://smartstore.naver.com/main/products/11869682806,30500,제이플로우,패션의류,여성의류,블라우스/셔츠,,상의,데이트,"러블리,부드러운","데이트룩,페미닌","가을,봄"
데이트룩 블라우스,올리브데올리브 퓨어 스모크 7부소매 블라우스 YW6MB806,https://shopping-phinf.pstatic.net/main_5954713/59547135653.20260421023819.jpg,https://search.shopping.naver.com/catalog/59547135653,46400,네이버,패션의류,여성의류,블라우스/셔츠,,상의,데이트,"러블리,부드러운","데이트룩,페미닌","가을,봄"
데이트룩 스커트,[4계절버젼] 3color 햅번 플리츠 핀턱 주름 플레어 롱스커트,https://shopping-phinf.pstatic.net/main_8695971/86959716994.6.jpg,https://smartstore.naver.com/main/products/9415216671,39990,포쉬엠,패션의류,여성의류,스커트,,하의,데이트,"러블리,부드러운","데이트룩,페미닌","가을,봄"
데이트룩 스커트,[발레리나 쉬폰 레이스] 봄 여름 스커트 A라인 플레어 롱 샤스커트 검정치마,https://shopping-phinf.pstatic.net/main_8195283/81952831078.46.jpg,https://smartstore.naver.com/main/products/4408308628,14900,롱이너프,패션의류,여성의류,스커트,,하의,데이트,"러블리,부드러운","데이트룩,페미닌","가을,봄"
데이트룩 스커트,미뉴엣 샤랄라 플리츠 롱 스커트 밴딩 봄 여름,https://shopping-phinf.pstatic.net/main_8173905/81739052266.jpg,https://smartstore.naver.com/main/products/4194530839,22800,베이지블랑.,패션의류,여성의류,스커트,,하의,데이트,"러블리,부드러운","데이트룩,페미닌","가을,봄"
데이트룩 스커트,빅사이즈 44 88 발레리나 레이스 2중 망사 프릴웨이브 하객패션 사랑스러운 풍성 롱샤스커트,https://shopping-phinf.pstatic.net/main_8221793/82217933192.9.jpg,https://smartstore.naver.com/main/products/4673412477,14900,리틀깽스,패션의류,여성의류,스커트,,하의,데이트,"러블리,부드러운","데이트룩,페미닌","가을,봄"
데이트룩 스커트,올리브데올리브 레이스배색 티어드 밴딩 스커트,https://shopping-phinf.pstatic.net/main_5531049/55310492594.20250906073758.jpg,https://search.shopping.naver.com/catalog/55310492594,34800,네이버,패션의류,여성의류,스커트,,하의,데이트,"러블리,부드러운","데이트룩,페미닌","가을,봄"
데이트룩 스커트,셀렙샵에디션 코튼100 티어드 풀 스커트,https://shopping-phinf.pstatic.net/main_5952278/59522785691.20260404010350.jpg,https://search.shopping.naver.com/catalog/59522785691,59750,네이버,패션의류,여성의류,스커트,,하의,데이트,"러블리,부드러운","데이트룩,페미닌","가을,봄"
데이트룩 스커트,여성 빅사이즈 뒷트임 히든밴딩 데님 롱 스커트 스판 코튼 여자 청치마 S-3XL,https://shopping-phinf.pstatic.net/main_8463166/84631660138.1.jpg,https://smartstore.naver.com/main/products/7087159816,31400,루나드엘,패션의류,여성의류,스커트,,하의,데이트,"러블리,부드러운","데이트룩,페미닌","가을,봄"
데이트룩 스커트,22컬러 하이웨스트 H라인 롱스커트 스판 빅사이즈 블랙 스커트,https://shopping-phinf.pstatic.net/main_8585960/85859605923.9.jpg,https://shopping.naver.com/outlink/itemdetail/8315105600,25400,달튼,패션의류,여성의류,스커트,,하의,데이트,"러블리,부드러운","데이트룩,페미닌","가을,봄"
데이트룩 스커트,H라인스커트 하이웨스트 스판 오피스룩 정장 스커트 미니 미디 5부 롱 면접 유니폼,https://shopping-phinf.pstatic.net/main_8600926/86009265378.jpg,https://smartstore.naver.com/main/products/8464765055,16800,zzarumarket,패션의류,여성의류,스커트,,하의,데이트,"러블리,부드러운","데이트룩,페미닌","가을,봄"
데이트룩 스커트,ZOOC Dual Self 레더 탭 미디 벌룬 스커트 WH,https://shopping-phinf.pstatic.net/main_5984767/59847679626.20260429233554.jpg,https://search.shopping.naver.com/catalog/59847679626,79450,네이버,패션의류,여성의류,스커트,,하의,데이트,"러블리,부드러운","데이트룩,페미닌","가을,봄"
데이트룩 스커트,리스트 소프트 플레어 롱 스커트 TWWSKQ62010,https://shopping-phinf.pstatic.net/main_5937890/59378903180.20260401061048.jpg,https://search.shopping.naver.com/catalog/59378903180,92650,네이버,패션의류,여성의류,스커트,,하의,데이트,"러블리,부드러운","데이트룩,페미닌","가을,봄"
데이트룩 스커트,롱청치마 연청치마 플리츠 핀턱 주름 하이웨스트 밴딩 가을 봄 여름 데님플레어스커트,https://shopping-phinf.pstatic.net/main_8621402/86214023183.jpg,https://smartstore.naver.com/main/products/8669522860,28900,센데로,패션의류,여성의류,스커트,,하의,데이트,"러블리,부드러운","데이트룩,페미닌","가을,봄"
데이트룩 스커트,바스락 아노락 흰치마 흰색 화이트 플레어 핀턱 밴딩 봄 여름 미디 스커트 치마,https://shopping-phinf.pstatic.net/main_8762225/87622257431.2.jpg,https://smartstore.naver.com/main/products/10077754778,29800,조블리마켓,패션의류,여성의류,스커트,,하의,데이트,"러블리,부드러운","데이트룩,페미닌","가을,봄"
데이트룩 스커트,데일리앤 스텔라 플레어 샤스커트,https://shopping-phinf.pstatic.net/main_3574276/35742765116.20250226025325.jpg,https://search.shopping.naver.com/catalog/35742765116,15700,네이버,패션의류,여성의류,스커트,,하의,데이트,"러블리,부드러운","데이트룩,페미닌","가을,봄"
데이트룩 스커트,핫 여름 속바지 A라인 플리츠 주름 미니 테니스 스커트 치마,https://shopping-phinf.pstatic.net/main_8314808/83148088840.1.jpg,https://smartstore.naver.com/main/products/5603592339,14900,양놀,패션의류,여성의류,스커트,,하의,데이트,"러블리,부드러운","데이트룩,페미닌","가을,봄"
데이트룩 스커트,미쏘 시스루 레이어드 스커트 MIWWHG503B,https://shopping-phinf.pstatic.net/main_5978999/59789990684.20260424201237.jpg,https://search.shopping.naver.com/catalog/59789990684,46400,네이버,패션의류,여성의류,스커트,,하의,데이트,"러블리,부드러운","데이트룩,페미닌","가을,봄"
데이트룩 스커트,더엣지 26SS 깅엄 체크 스커트,https://shopping-phinf.pstatic.net/main_5953761/59537611186.20260404220242.jpg,https://search.shopping.naver.com/catalog/59537611186,59760,네이버,패션의류,여성의류,스커트,,하의,데이트,"러블리,부드러운","데이트룩,페미닌","가을,봄"
데이트룩 스커트,토즈 새틴 실키 밴딩 머메이드 롱 스커트 6col 봄 가을 실크 슬림 플레어 제이플로우,https://shopping-phinf.pstatic.net/main_8751777/87517771539.jpg,https://smartstore.naver.com/main/products/9973269266,23500,제이플로우,패션의류,여성의류,스커트,,하의,데이트,"러블리,부드러운","데이트룩,페미닌","가을,봄"
데이트룩 스커트,시슬리 아비곳 벨티드 플리츠 스커트 sask43461b,https://shopping-phinf.pstatic.net/main_5834248/58342488741.20251231161536.jpg,https://search.shopping.naver.com/catalog/58342488741,103820,네이버,패션의류,여성의류,스커트,,하의,데이트,"러블리,부드러운","데이트룩,페미닌","가을,봄"
데이트룩 스커트,사색 라모나 스트랩 맥시 스커트,https://shopping-phinf.pstatic.net/main_5263249/52632499918.20250908175040.jpg,https://search.shopping.naver.com/catalog/52632499918,42500,네이버,패션의류,여성의류,스커트,,하의,데이트,"러블리,부드러운","데이트룩,페미닌","가을,봄"
면접룩 셔츠,여성셔츠 흰색 면접 정장셔츠 남방 와이셔츠 빅사이즈 (~4XL),https://shopping-phinf.pstatic.net/main_8163621/81636214293.11.jpg,https://smartstore.naver.com/main/products/4091693444,44200,더웨이나인,패션의류,여성의류,블라우스/셔츠,,상의,"면접,발표","깔끔,단정","미니멀룩,오피스룩","가을,봄"
면접룩 셔츠,링클프리 히든버튼 여성 반팔 셔츠 블라우스 쉬폰 화이트 블랙 면접 남방,https://shopping-phinf.pstatic.net/main_8427766/84277664112.3.jpg,https://smartstore.naver.com/main/products/6733163790,14900,zzarumarket,패션의류,여성의류,블라우스/셔츠,,상의,"면접,발표","깔끔,단정","미니멀룩,오피스룩","가을,봄"
면접룩 셔츠,여자 여름남방 여성반팔셔츠 유니폼셔츠 와이셔츠 면접블라우스,https://shopping-phinf.pstatic.net/main_8286791/82867917360.2.jpg,https://smartstore.naver.com/main/products/5323424793,16900,체인지1,패션의류,여성의류,블라우스/셔츠,,상의,"면접,발표","깔끔,단정","미니멀룩,오피스룩","가을,봄"
면접룩 셔츠,승무원면접복 승무원 면접복장 유니폼 블라우스 두겹 날개 튤립소매 [엘르2],https://shopping-phinf.pstatic.net/main_8208551/82085517041.3.jpg,https://smartstore.naver.com/main/products/4540993733,42800,더웨이나인,패션의류,여성의류,블라우스/셔츠,,상의,"면접,발표","깔끔,단정","미니멀룩,오피스룩","가을,봄"
면접룩 셔츠,슬림핏 여성셔츠 블라우스 바스락 화이트 블랙 흰색 셔츠 하늘색 핑크 와이 셔츠 카라 남방,https://shopping-phinf.pstatic.net/main_8748407/87484073416.2.jpg,https://smartstore.naver.com/main/products/9939571143,13900,로로스키니 브랜드,패션의류,여성의류,블라우스/셔츠,,상의,"면접,발표","깔끔,단정","미니멀룩,오피스룩","가을,봄"
면접룩 셔츠,링클프리 여름 반팔 블라우스 구김없는 여자 면접 소라색 셔츠,https://shopping-phinf.pstatic.net/main_8309860/83098606979.1.jpg,https://smartstore.naver.com/main/products/5554111152,14210,디어그레이 deargray,패션의류,여성의류,블라우스/셔츠,,상의,"면접,발표","깔끔,단정","미니멀룩,오피스룩","가을,봄"
면접룩 셔츠,여성 면접 셔츠 블라우스 화이트 남방 와이셔츠 기본 남방 빅사이즈 반팔 긴팔,https://shopping-phinf.pstatic.net/main_8769954/8769954519.21.jpg,https://smartstore.naver.com/main/products/318159874,37800,여우팀장,패션의류,여성의류,블라우스/셔츠,,상의,"면접,발표","깔끔,단정","미니멀룩,오피스룩","가을,봄"
면접룩 셔츠,링클프리 히든버튼 여성 셔츠 블라우스 화이트 블랙,https://shopping-phinf.pstatic.net/main_8660462/86604621916.2.jpg,https://smartstore.naver.com/main/products/9060121593,15900,zzarumarket,패션의류,여성의류,블라우스/셔츠,,상의,"면접,발표","깔끔,단정","미니멀룩,오피스룩","가을,봄"
면접룩 셔츠,여성셔츠 블라우스 링클프리 오버핏 빅사이즈 실키 면접 남방 화이트 핑크 하늘색,https://shopping-phinf.pstatic.net/main_8551828/85518282378.jpg,https://smartstore.naver.com/main/products/7973782055,15900,인생옷장,패션의류,여성의류,블라우스/셔츠,,상의,"면접,발표","깔끔,단정","미니멀룩,오피스룩","가을,봄"
면접룩 셔츠,여자와이셔츠 면접블라우스 면접셔츠 링클프리셔츠,https://shopping-phinf.pstatic.net/main_1137084/11370848627.11.jpg,https://smartstore.naver.com/main/products/725999551,22900,플라잉걸,패션의류,여성의류,블라우스/셔츠,,상의,"면접,발표","깔끔,단정","미니멀룩,오피스룩","가을,봄"
면접룩 셔츠,여성셔츠 여자와이셔츠 면접 블라우스 면스판 긴팔 반팔 교복 화이트 소라 블랙 와인,https://shopping-phinf.pstatic.net/main_1026728/10267287520.5.jpg,https://smartstore.naver.com/main/products/477828206,19800,오스토리,패션의류,여성의류,블라우스/셔츠,,상의,"면접,발표","깔끔,단정","미니멀룩,오피스룩","가을,봄"
면접룩 셔츠,오버핏 셔츠 롱 루즈핏 남방 블라우스 화이트 블랙 박시 면접 빅사이즈,https://shopping-phinf.pstatic.net/main_8222150/82221505708.jpg,https://smartstore.naver.com/main/products/4676984990,18620,시크데일리,패션의류,여성의류,블라우스/셔츠,,상의,"면접,발표","깔끔,단정","미니멀룩,오피스룩","가을,봄"
면접룩 셔츠,흰색 면접 흰블라우스 통통녀 하객룩 [셀디],https://shopping-phinf.pstatic.net/main_8871938/88719386333.1.jpg,https://smartstore.naver.com/main/products/11174876011,29800,더웨이나인,패션의류,여성의류,블라우스/셔츠,,상의,"면접,발표","깔끔,단정","미니멀룩,오피스룩","가을,봄"
면접룩 셔츠,여성 셔츠 모음전 긴팔 반팔 무지 기본핏 슬림핏 오버핏 롱 체크 남방 블라우스 와이셔츠,https://shopping-phinf.pstatic.net/main_8342981/83429813242.1.jpg,https://smartstore.naver.com/main/products/5885313828,13900,로로스키니 브랜드,패션의류,여성의류,블라우스/셔츠,,상의,"면접,발표","깔끔,단정","미니멀룩,오피스룩","가을,봄"
면접룩 셔츠,스트라이프 소라색 셔츠 스프라이트 줄 하늘색 남방 면접 블라우스,https://shopping-phinf.pstatic.net/main_8309863/83098635750.1.jpg,https://smartstore.naver.com/main/products/5554139923,18200,라라엣지,패션의류,여성의류,블라우스/셔츠,,상의,"면접,발표","깔끔,단정","미니멀룩,오피스룩","가을,봄"
면접룩 셔츠,여성반팔셔츠 여름블라우스 링클프리 오픈카라 면접 남방 오버핏셔츠,https://shopping-phinf.pstatic.net/main_8763402/87634028647.jpg,https://smartstore.naver.com/main/products/10089525989,16800,인생옷장,패션의류,여성의류,블라우스/셔츠,,상의,"면접,발표","깔끔,단정","미니멀룩,오피스룩","가을,봄"
면접룩 셔츠,기본 베이직 셔츠 면접 블라우스 유니폼 단체복 슬림핏 긴팔,https://shopping-phinf.pstatic.net/main_3567534/35675340544.20221107103948.jpg,https://search.shopping.naver.com/catalog/35675340544,10000,네이버,패션의류,여성의류,블라우스/셔츠,,상의,"면접,발표","깔끔,단정","미니멀룩,오피스룩","가을,봄"
면접룩 셔츠,어반트 순면 구김없는 여성셔츠 링클프리 여자셔츠 봄가을용,https://shopping-phinf.pstatic.net/main_8704063/87040635542.1.jpg,https://smartstore.naver.com/main/products/9496135219,52000,어반트공식몰,패션의류,여성의류,블라우스/셔츠,,상의,"면접,발표","깔끔,단정","미니멀룩,오피스룩","가을,봄"
면접룩 셔츠,링클프리 여성반팔셔츠 블라우스 여름 쉬폰 면접 남방 소라색 하늘색,https://shopping-phinf.pstatic.net/main_8760936/87609367454.jpg,https://smartstore.naver.com/main/products/10064864830,15900,인생옷장,패션의류,여성의류,블라우스/셔츠,,상의,"면접,발표","깔끔,단정","미니멀룩,오피스룩","가을,봄"
면접룩 슬랙스,여성 정장 바지 빅사이즈 면접 슬랙스 [심플형 바지],https://shopping-phinf.pstatic.net/main_8375599/83755990880.2.jpg,https://smartstore.naver.com/main/products/6211491303,52200,더웨이나인,패션의류,여성의류,바지,,하의,"면접,발표","깔끔,단정","미니멀룩,오피스룩","가을,봄"
면접룩 슬랙스,커브드 세미 와이드 핀턱 슬랙스 출근룩,https://shopping-phinf.pstatic.net/main_9009251/90092513338.jpg,https://smartstore.naver.com/main/products/12548002485,51000,로이나룩,패션의류,여성의류,바지,,하의,"면접,발표","깔끔,단정","미니멀룩,오피스룩","가을,봄"
면접룩 슬랙스,옷자락 여자 커리어우먼 부츠컷 가을팬츠 면접룩 슬랙스 4,https://shopping-phinf.pstatic.net/main_4136182/41361825894.20230722202115.jpg,https://search.shopping.naver.com/catalog/41361825894,24480,네이버,패션의류,여성의류,바지,,하의,"면접,발표","깔끔,단정","미니멀룩,오피스룩","가을,봄"
면접룩 슬랙스,부츠컷 슬랙스 핀턱 정장바지 세미오피스룩 면접룩 하객룩 여름정장 코디,https://shopping-phinf.pstatic.net/main_9104339/91043394619.jpg,https://smartstore.naver.com/main/products/13498884267,36500,앳코,패션의류,여성의류,바지,,하의,"면접,발표","깔끔,단정","미니멀룩,오피스룩","가을,봄"
면접룩 슬랙스,여름 부츠컷 슬랙스 여자정장 자켓 세트 가능 투피스 셋업 면접룩 여성수트,https://shopping-phinf.pstatic.net/main_9098793/90987931713.jpg,https://smartstore.naver.com/main/products/13443421361,46900,블랑드보미,패션의류,여성의류,바지,,하의,"면접,발표","깔끔,단정","미니멀룩,오피스룩","가을,봄"
면접룩 슬랙스,봄 와이드핏 일자 통 슬랙스 여자정장 자켓 세트 가능 투피스 면접룩 여성수트,https://shopping-phinf.pstatic.net/main_9084531/90845310685.jpg,https://smartstore.naver.com/main/products/13300800354,43290,블랑드보미,패션의류,여성의류,바지,,하의,"면접,발표","깔끔,단정","미니멀룩,오피스룩","가을,봄"
면접룩 슬랙스,여성 가을 세미와이드 슬렉스 핑크 팬츠 일자 통바지 출근룩 하객룩 면접룩,https://shopping-phinf.pstatic.net/main_8986019/89860198794.jpg,https://smartstore.naver.com/main/products/12315688077,59900,시크온미,패션의류,여성의류,바지,,하의,"면접,발표","깔끔,단정","미니멀룩,오피스룩","가을,봄"
면접룩 슬랙스,가을 9부 기본 일자 스트라이프 슬랙스 여자정장 자켓 세트가능 여성수트 셋업 면접룩,https://shopping-phinf.pstatic.net/main_8992633/89926332772.jpg,https://smartstore.naver.com/main/products/12381822055,45100,블랑드보미,패션의류,여성의류,바지,,하의,"면접,발표","깔끔,단정","미니멀룩,오피스룩","가을,봄"
면접룩 슬랙스,가을 9부 기본 일자 스트라이프 슬랙스 여자정장 자켓 세트가능 여성수트 셋업 면접룩,https://shopping-phinf.pstatic.net/main_8982479/89824799548.jpg,https://smartstore.naver.com/main/products/12280288832,50510,블랑드보미,패션의류,여성의류,바지,,하의,"면접,발표","깔끔,단정","미니멀룩,오피스룩","가을,봄"
면접룩 슬랙스,겨울 기본 속기모 와이드핏 일자 통 슬랙스 여자정장 자켓 세트 가능 투피스 면접룩 여성수트,https://shopping-phinf.pstatic.net/main_9027933/90279330493.jpg,https://smartstore.naver.com/main/products/12734819552,57720,블랑드보미,패션의류,여성의류,바지,,하의,"면접,발표","깔끔,단정","미니멀룩,오피스룩","가을,봄"
면접룩 슬랙스,겨울 기본 속기모 와이드핏 일자 통 슬랙스 여자정장 자켓 세트 가능 투피스 면접룩 여성수트,https://shopping-phinf.pstatic.net/main_9025346/90253468717.jpg,https://smartstore.naver.com/main/products/12708957793,57720,블랑드보미,패션의류,여성의류,바지,,하의,"면접,발표","깔끔,단정","미니멀룩,오피스룩","가을,봄"
면접룩 슬랙스,가을 쎄미 부츠컷 스판 슬랙스 여자정장 자켓 세트 가능 투피스 셋업 면접룩 여성수트,https://shopping-phinf.pstatic.net/main_9000068/90000683453.jpg,https://smartstore.naver.com/main/products/12456172706,43290,블랑드보미,패션의류,여성의류,바지,,하의,"면접,발표","깔끔,단정","미니멀룩,오피스룩","가을,봄"
면접룩 슬랙스,여자 간절기 스판 부츠컷슬랙스 모던 봄하객룩 슬랙스 4color 소라,https://shopping-phinf.pstatic.net/main_8745359/87453593129.jpg,https://smartstore.naver.com/main/products/9909090856,45900,썸어게인,패션의류,여성의류,바지,,하의,"면접,발표","깔끔,단정","미니멀룩,오피스룩","가을,봄"
면접룩 슬랙스,여자 간절기 스판 부츠컷슬랙스 모던 봄하객룩 슬랙스 4color 소라,https://shopping-phinf.pstatic.net/main_8745359/87453594726.jpg,https://shopping.naver.com/outlink/itemdetail/9909092453,45900,썸어게인,패션의류,여성의류,바지,,하의,"면접,발표","깔끔,단정","미니멀룩,오피스룩","가을,봄"
면접룩 슬랙스,겨울 모직 트위드 5부 반바지 여자정장 자켓 세트 가능 면접룩 하객룩 셋업 투피스 연말룩,https://shopping-phinf.pstatic.net/main_9028330/90283304048.jpg,https://smartstore.naver.com/main/products/12738793107,61330,블랑드보미,패션의류,여성의류,바지,,하의,"면접,발표","깔끔,단정","미니멀룩,오피스룩","가을,봄"
면접룩 슬랙스,여성 심플 데일리 세미 부츠컷 슬림핏 롱 슬랙스 팬츠 하이웨스트 정장바지 오피스룩 하객룩 면접룩 와이드핏,https://shopping-phinf.pstatic.net/main_9079321/90793210823.jpg,https://smartstore.naver.com/main/products/13248700491,33300,파라컴,패션의류,여성의류,바지,,하의,"면접,발표","깔끔,단정","미니멀룩,오피스룩","가을,봄"
면접룩 슬랙스,커리어우먼 미시 하객룩 면접 간절기 슬랙스 정장 바지,https://shopping-phinf.pstatic.net/main_9048560/90485600386.jpg,https://smartstore.naver.com/main/products/12941089376,26800,애니타임25,패션의류,여성의류,바지,,하의,"면접,발표","깔끔,단정","미니멀룩,오피스룩","가을,봄"
면접룩 슬랙스,가을 기본 일자 와이드 통 슬래스 여자정장 자켓 세트 가능 투피스 셋업 면접룩 정장이너 여성수트,https://shopping-phinf.pstatic.net/main_9007242/90072424472.jpg,https://smartstore.naver.com/main/products/12527913619,46900,블랑드보미,패션의류,여성의류,바지,,하의,"면접,발표","깔끔,단정","미니멀룩,오피스룩","가을,봄"
면접룩 슬랙스,투핀턱 허리 뒷밴딩 쫀쫀스판 하이웨스트 와이드핏 슬랙스 하객룩 면접룩 출근룩 오피스룩,https://shopping-phinf.pstatic.net/main_8996581/89965817123.jpg,https://shopping.naver.com/outlink/itemdetail/12421306398,20800,이버유,패션의류,여성의류,바지,,하의,"면접,발표","깔끔,단정","미니멀룩,오피스룩","가을,봄"
면접룩 슬랙스,마리 스트레이트 정장바지 일자핏 슬랙스 세미정장바지 여성 심플 오피스룩 면접복장 팬츠,https://shopping-phinf.pstatic.net/main_9077349/90773497352.jpg,https://smartstore.naver.com/main/products/13228987021,39600,러브선데이,패션의류,여성의류,바지,,하의,"면접,발표","깔끔,단정","미니멀룩,오피스룩","가을,봄"
미니멀룩 니트,인타샤 스티치 포인트 오버핏 골지 니트 가을 겨울 니트 미니멀룩 남자 여자 데일리룩 코디,https://shopping-phinf.pstatic.net/main_8349609/83496095094.jpg,https://smartstore.naver.com/main/products/5951595606,48500,던웨이브,패션의류,남성의류,니트,풀오버,상의,"데일리,출근","깔끔,차분한","미니멀룩,베이직","가을,봄"
미니멀룩 니트,앙고라니트스웨터 남자 포인트 배색 무늬 오버핏 니트 스웨터 미니멀룩,https://shopping-phinf.pstatic.net/main_8716056/87160566482.jpg,https://smartstore.naver.com/main/products/9616064211,58000,이프모더,패션의류,남성의류,니트,풀오버,상의,"데일리,출근","깔끔,차분한","미니멀룩,베이직","가을,봄"
미니멀룩 니트,큐브 미니멀룩 캐시 반집업 니트,https://shopping-phinf.pstatic.net/main_8483450/84834504392.jpg,https://smartstore.naver.com/main/products/7290004070,58700,namzadaing,패션의류,남성의류,니트,풀오버,상의,"데일리,출근","깔끔,차분한","미니멀룩,베이직","가을,봄"
미니멀룩 니트,Yaf 머슬핏 골지 라인 니트 미니멀룩 긴팔 봄 가을 간절기 스웨터,https://shopping-phinf.pstatic.net/main_5090031/50900313919.20241018015027.jpg,https://search.shopping.naver.com/catalog/50900313919,39800,네이버,패션의류,남성의류,니트,풀오버,상의,"데일리,출근","깔끔,차분한","미니멀룩,베이직","가을,봄"
미니멀룩 니트,Thad 머슬핏 골지 헨리넥 라인 니트 미니멀룩 긴팔 봄 가을 간절기 스웨터 L,https://shopping-phinf.pstatic.net/main_5846998/58469983278.20260111203705.jpg,https://search.shopping.naver.com/catalog/58469983278,39800,네이버,패션의류,남성의류,니트,풀오버,상의,"데일리,출근","깔끔,차분한","미니멀룩,베이직","가을,봄"
미니멀룩 니트,Thad 머슬핏 골지 헨리넥 라인 니트 미니멀룩 긴팔 봄 가을 간절기 스웨터,https://shopping-phinf.pstatic.net/main_5088120/50881205628.20241016221130.jpg,https://search.shopping.naver.com/catalog/50881205628,39800,네이버,패션의류,남성의류,니트,풀오버,상의,"데일리,출근","깔끔,차분한","미니멀룩,베이직","가을,봄"
미니멀룩 니트,로건 logan 프리미엄 여름 반팔 카라니트 미니멀룩,https://shopping-phinf.pstatic.net/main_8311582/83115829979.2.jpg,https://smartstore.naver.com/main/products/5571334029,30000,태가나네,패션의류,남성의류,니트,풀오버,상의,"데일리,출근","깔끔,차분한","미니멀룩,베이직","가을,봄"
미니멀룩 니트,남자 봄 가을 배색 입체 컬러 오버핏 데일리 미니멀 룩 니트,https://shopping-phinf.pstatic.net/main_2517208/25172083010.20201210201227.jpg,https://search.shopping.naver.com/catalog/25172083010,39900,네이버,패션의류,남성의류,니트,풀오버,상의,"데일리,출근","깔끔,차분한","미니멀룩,베이직","가을,봄"
미니멀룩 니트,LOGAN 페이보릿 인타샤 니트 남자 레터링니트 미니멀룩(5 Color),https://shopping-phinf.pstatic.net/main_9027860/90278604904.jpg,https://smartstore.naver.com/main/products/12734093963,37900,청조샵,패션의류,남성의류,니트,풀오버,상의,"데일리,출근","깔끔,차분한","미니멀룩,베이직","가을,봄"
미니멀룩 니트,남성 망사 니트 미니멀룩 티셔츠,https://shopping-phinf.pstatic.net/main_8693601/86936013217.jpg,https://smartstore.naver.com/main/products/9391512894,36400,sis프리티,패션의류,남성의류,니트,풀오버,상의,"데일리,출근","깔끔,차분한","미니멀룩,베이직","가을,봄"
미니멀룩 니트,여름 프리미엄 린넨 반팔 카라니트 미니멀룩,https://shopping-phinf.pstatic.net/main_8434133/84341339424.jpg,https://smartstore.naver.com/main/products/6796839102,32000,태가나네,패션의류,남성의류,니트,풀오버,상의,"데일리,출근","깔끔,차분한","미니멀룩,베이직","가을,봄"
미니멀룩 니트,남자봄스웨터 남성레터링니트 미니멀룩 남친룩,https://shopping-phinf.pstatic.net/main_8566923/85669232139.jpg,https://smartstore.naver.com/main/products/8124731816,45000,이프모더,패션의류,남성의류,니트,풀오버,상의,"데일리,출근","깔끔,차분한","미니멀룩,베이직","가을,봄"
미니멀룩 니트,남자봄스웨터 남성라운드니트 미니멀룩 남친룩,https://shopping-phinf.pstatic.net/main_8567066/85670661024.jpg,https://smartstore.naver.com/main/products/8126160701,49000,이프모더,패션의류,남성의류,니트,풀오버,상의,"데일리,출근","깔끔,차분한","미니멀룩,베이직","가을,봄"
미니멀룩 니트,다운타운스튜디오 포근한 터치감 남성 카라 니트 미니멀룩 데일리 긴팔 니트,https://shopping-phinf.pstatic.net/main_9029971/90299712446.jpg,https://smartstore.naver.com/main/products/12755201497,34500,다운타운스튜디오,패션의류,남성의류,니트,풀오버,상의,"데일리,출근","깔끔,차분한","미니멀룩,베이직","가을,봄"
미니멀룩 니트,남자 화이트 레터링 앙고라 가을 디자인 미니멀룩 니트 학생 스웨터 보세 화이트,https://shopping-phinf.pstatic.net/main_8913353/89133533296.jpg,https://smartstore.naver.com/main/products/11589022890,28400,문베리아,패션의류,남성의류,니트,풀오버,상의,"데일리,출근","깔끔,차분한","미니멀룩,베이직","가을,봄"
미니멀룩 니트,Yaf 머슬핏 골지 라인 니트 미니멀룩 긴팔 봄 가을 간절기 스웨터  블랙  L,https://shopping-phinf.pstatic.net/main_5841240/58412402176.jpg,https://link.coupang.com/re/PCSNAVERPCSDP?pageKey=9234791365&ctag=9234791365&lptag=P9234791365&itemId=27301983519&vendorItemId=94268519226&spec=10305199,39800,쿠팡,패션의류,남성의류,니트,풀오버,상의,"데일리,출근","깔끔,차분한","미니멀룩,베이직","가을,봄"
미니멀룩 니트,하찌 오버핏 다가라 스트라이프 라운드 봄 니트 3컬러 남친룩 미니멀룩,https://shopping-phinf.pstatic.net/main_8913838/89138384008.jpg,https://shopping.naver.com/outlink/itemdetail/11593873602,39800,노멀쉐이크,패션의류,남성의류,니트,풀오버,상의,"데일리,출근","깔끔,차분한","미니멀룩,베이직","가을,봄"
미니멀룩 니트,남자 화이트 레터링 앙고라 가을 디자인 미니멀룩 니트 학생 스웨터 보세  그레이  M,https://shopping-phinf.pstatic.net/main_5781958/57819581385.jpg,https://link.coupang.com/re/PCSNAVERPCSDP?pageKey=8647264059&ctag=8647264059&lptag=P8647264059&itemId=25097997605&vendorItemId=92101609934&spec=10305199,29800,쿠팡,패션의류,남성의류,니트,풀오버,상의,"데일리,출근","깔끔,차분한","미니멀룩,베이직","가을,봄"
미니멀룩 니트,1+1 하찌 오버핏 다가라 스트라이프 라운드 봄 니트 3컬러 남친룩 미니멀룩,https://shopping-phinf.pstatic.net/main_8913838/89138388260.jpg,https://shopping.naver.com/outlink/itemdetail/11593877854,69800,노멀쉐이크,패션의류,남성의류,니트,풀오버,상의,"데일리,출근","깔끔,차분한","미니멀룩,베이직","가을,봄"
미니멀룩 니트,남성망사니트 남성미니멀룩 남성니트티셔츠,https://shopping-phinf.pstatic.net/main_8677311/86773116348.jpg,https://smartstore.naver.com/main/products/9228616025,36290,샤오웨이,패션의류,남성의류,니트,풀오버,상의,"데일리,출근","깔끔,차분한","미니멀룩,베이직","가을,봄"
미니멀룩 자켓,남자모직자켓 남자겨울숏자켓 미니멀룩코디,https://shopping-phinf.pstatic.net/main_8701494/87014945494.jpg,https://smartstore.naver.com/main/products/9470445171,63000,이프모더,패션의류,남성의류,아우터,재킷,아우터,"데일리,출근","깔끔,차분한","미니멀룩,베이직","가을,봄"
미니멀룩 자켓,남자칼라리스자켓 남성슬림자켓 미니멀룩패션,https://shopping-phinf.pstatic.net/main_8704555/87045551371.jpg,https://smartstore.naver.com/main/products/9501049366,58000,이프모더,패션의류,남성의류,아우터,재킷,아우터,"데일리,출근","깔끔,차분한","미니멀룩,베이직","가을,봄"
미니멀룩 자켓,남자겨울숏자켓 남성모직숏자켓 미니멀룩코디,https://shopping-phinf.pstatic.net/main_8707468/87074689006.jpg,https://smartstore.naver.com/main/products/9530186736,66000,이프모더,패션의류,남성의류,아우터,재킷,아우터,"데일리,출근","깔끔,차분한","미니멀룩,베이직","가을,봄"
미니멀룩 자켓,남자블랙자켓 남자숏재킷 남성가을자켓 미니멀룩패션,https://shopping-phinf.pstatic.net/main_8679906/86799060271.jpg,https://smartstore.naver.com/main/products/9254559948,51000,이프모더,패션의류,남성의류,아우터,재킷,아우터,"데일리,출근","깔끔,차분한","미니멀룩,베이직","가을,봄"
미니멀룩 자켓,남자투피스후드자켓 남자후드재킷 미니멀룩패션,https://shopping-phinf.pstatic.net/main_8677730/86777306641.jpg,https://smartstore.naver.com/main/products/9232806318,60000,이프모더,패션의류,남성의류,아우터,재킷,상의,"데일리,출근","깔끔,차분한","미니멀룩,베이직","가을,봄"
미니멀룩 자켓,남자배색자켓 남성집업자켓 미니멀룩쇼핑몰,https://shopping-phinf.pstatic.net/main_8707478/87074782506.jpg,https://smartstore.naver.com/main/products/9530280236,55000,이프모더,패션의류,남성의류,아우터,재킷,아우터,"데일리,출근","깔끔,차분한","미니멀룩,베이직","가을,봄"
미니멀룩 자켓,남자트위드자켓 남자라운드자켓 미니멀룩코디,https://shopping-phinf.pstatic.net/main_8701488/87014887078.jpg,https://smartstore.naver.com/main/products/9470386755,67000,이프모더,패션의류,남성의류,아우터,재킷,아우터,"데일리,출근","깔끔,차분한","미니멀룩,베이직","가을,봄"
미니멀룩 자켓,남자더블카라자켓 남성미니멀자켓 미니멀룩패션,https://shopping-phinf.pstatic.net/main_8704541/87045415488.jpg,https://smartstore.naver.com/main/products/9500913724,63000,이프모더,패션의류,남성의류,아우터,재킷,아우터,"데일리,출근","깔끔,차분한","미니멀룩,베이직","가을,봄"
미니멀룩 자켓,남자차이나자켓 남성겨울모직자켓 미니멀룩코디,https://shopping-phinf.pstatic.net/main_8703427/87034271420.jpg,https://smartstore.naver.com/main/products/9489771097,64000,이프모더,패션의류,남성의류,아우터,재킷,아우터,"데일리,출근","깔끔,차분한","미니멀룩,베이직","가을,봄"
미니멀룩 자켓,모직자켓 남자 칼라리스 포켓 모직 자켓 미니멀룩,https://shopping-phinf.pstatic.net/main_8715006/87150067112.jpg,https://smartstore.naver.com/main/products/9605564842,61000,이프모더,패션의류,남성의류,아우터,재킷,아우터,"데일리,출근","깔끔,차분한","미니멀룩,베이직","가을,봄"
미니멀룩 자켓,남자트위드자켓 남성배색자켓 미니멀룩코디,https://shopping-phinf.pstatic.net/main_8704537/87045378107.jpg,https://smartstore.naver.com/main/products/9500876412,69000,이프모더,패션의류,남성의류,아우터,재킷,아우터,"데일리,출근","깔끔,차분한","미니멀룩,베이직","가을,봄"
미니멀룩 자켓,남자트위드자켓 남성바시티자켓 미니멀룩코디,https://shopping-phinf.pstatic.net/main_8704530/87045304977.jpg,https://smartstore.naver.com/main/products/9500803417,66000,이프모더,패션의류,남성의류,아우터,재킷,아우터,"데일리,출근","깔끔,차분한","미니멀룩,베이직","가을,봄"
미니멀룩 자켓,남자칼라리스블레이저 남자브이넥수트자켓 미니멀룩패션,https://shopping-phinf.pstatic.net/main_8692923/86929233269.jpg,https://smartstore.naver.com/main/products/9384732946,55000,이프모더,패션의류,남성의류,아우터,재킷,아우터,"데일리,출근","깔끔,차분한","미니멀룩,베이직","가을,봄"
미니멀룩 자켓,집업자켓 남자 블랙 멀티 지퍼 카라 자켓 미니멀룩,https://shopping-phinf.pstatic.net/main_8715918/87159184271.jpg,https://smartstore.naver.com/main/products/9614682001,57000,이프모더,패션의류,남성의류,아우터,재킷,아우터,"데일리,출근","깔끔,차분한","미니멀룩,베이직","가을,봄"
미니멀룩 자켓,모직숏자켓 남자 더블버튼 겨울 숏자켓 미니멀룩,https://shopping-phinf.pstatic.net/main_8715916/87159167140.jpg,https://smartstore.naver.com/main/products/9614664870,57000,이프모더,패션의류,남성의류,아우터,재킷,아우터,"데일리,출근","깔끔,차분한","미니멀룩,베이직","가을,봄"
미니멀룩 자켓,남자브이넥집업자켓 남자데님숏재킷 남성청자켓 미니멀룩패션,https://shopping-phinf.pstatic.net/main_8677974/86779745590.jpg,https://smartstore.naver.com/main/products/9235245267,54000,이프모더,패션의류,남성의류,아우터,재킷,아우터,"데일리,출근","깔끔,차분한","미니멀룩,베이직","가을,봄"
미니멀룩 자켓,남자 싱글블레이저 오버핏 봄 자켓 미니멀룩 (2color),https://shopping-phinf.pstatic.net/main_8570537/85705374026.1.jpg,https://smartstore.naver.com/main/products/8160873703,74900,숀핑,패션의류,남성의류,아우터,재킷,아우터,"데일리,출근","깔끔,차분한","미니멀룩,베이직","가을,봄"
미니멀룩 자켓,남자배색데님자켓 남자집업숏재킷 트러커자켓 미니멀룩패션,https://shopping-phinf.pstatic.net/main_8677738/86777389435.jpg,https://smartstore.naver.com/main/products/9232889112,52000,이프모더,패션의류,남성의류,아우터,재킷,아우터,"데일리,출근","깔끔,차분한","미니멀룩,베이직","가을,봄"
미니멀룩 자켓,남자차이나카라자켓 남자블랙숏자켓 미니멀룩코디,https://shopping-phinf.pstatic.net/main_8672734/86727346072.1.jpg,https://smartstore.naver.com/main/products/9182845749,57000,이프모더,패션의류,남성의류,아우터,재킷,아우터,"데일리,출근","깔끔,차분한","미니멀룩,베이직","가을,봄"
미니멀룩 자켓,모직숏자켓 남자 배색 스트랩 모직 자켓 미니멀룩쇼핑몰,https://shopping-phinf.pstatic.net/main_8711468/87114685292.jpg,https://smartstore.naver.com/main/products/9570183022,69000,이프모더,패션의류,남성의류,아우터,재킷,아우터,"데일리,출근","깔끔,차분한","미니멀룩,베이직","가을,봄"
하객룩 원피스,봄 여름 하객원피스 빅사이즈 돌잔치엄마 여성 정장원피스 결혼식하객룩 상견례옷차림,https://shopping-phinf.pstatic.net/main_8245999/82459998724.24.jpg,https://smartstore.naver.com/main/products/4915475002,69000,코코쓰,패션의류,여성의류,원피스,,원피스,"격식,하객","단정,우아한","포멀,하객룩","가을,봄"
하객룩 원피스,88사이즈 빅사이즈원피스 결혼식하객룩 50대 상견례옷차림 여성봄원피스 긴팔 혼주 정장원피스,https://shopping-phinf.pstatic.net/main_8357286/83572863818.21.jpg,https://smartstore.naver.com/main/products/6028364330,86800,SeoYeon,패션의류,여성의류,원피스,,원피스,"격식,하객","단정,우아한","포멀,하객룩","가을,봄"
하객룩 원피스,롱 원피스 뷔스티에 블랙 하객룩 바스락 봄 여름 반팔 나시 휴양지 77 88 빅사이즈,https://shopping-phinf.pstatic.net/main_8479953/84799534459.102.jpg,https://smartstore.naver.com/main/products/7255034137,13800,제이X제곱,패션의류,여성의류,원피스,,원피스,"격식,하객","단정,우아한","포멀,하객룩","가을,봄"
하객룩 원피스,봄 하객원피스 빅사이즈 돌잔치엄마 여성 정장원피스 결혼식하객룩 상견례옷차림,https://shopping-phinf.pstatic.net/main_8235707/82357073756.58.jpg,https://smartstore.naver.com/main/products/4812551046,68800,코코쓰,패션의류,여성의류,원피스,,원피스,"격식,하객","단정,우아한","포멀,하객룩","가을,봄"
하객룩 원피스,여름 원피스 바스락 캉캉 롱원피스 빅사이즈 반팔 휴양지 데일리 하객룩 체형커버 블랙,https://shopping-phinf.pstatic.net/main_8769370/87693701527.7.jpg,https://smartstore.naver.com/main/products/10149198273,33800,스타일대박,패션의류,여성의류,원피스,,원피스,"격식,하객","단정,우아한","포멀,하객룩","가을,봄"
하객룩 원피스,5월 결혼식 하객룩 여름 하객원피스 77 빅사이즈 돌잔치엄마 정장원피스 상견례옷차림,https://shopping-phinf.pstatic.net/main_8384647/83846470773.4.jpg,https://smartstore.naver.com/main/products/6301968284,69000,애즈라이크,패션의류,여성의류,원피스,,원피스,"격식,하객","단정,우아한","포멀,하객룩","가을,봄"
하객룩 원피스,[제작 / 소량오픈 / 3size ] 레이어드 하객 원피스 / 77 88 봄 여름 가을 겨울 빅 사이즈 정장 임산부 하객룩 연말룩 임부복 원피스 플레어 민소매 나시 라이크미,https://shopping-phinf.pstatic.net/main_8868733/88687332581.18.jpg,https://smartstore.naver.com/main/products/11142822259,67000,LIKE ME,패션의류,여성의류,원피스,,원피스,"격식,하객","단정,우아한","포멀,하객룩","가을,봄"
하객룩 원피스,여성정장원피스 빅사이즈하객룩 88사이즈 상견례옷차림 50대 결혼식하객룩 5월 봄 여름 투피스 긴팔,https://shopping-phinf.pstatic.net/main_8745459/87454592901.14.jpg,https://smartstore.naver.com/main/products/9910090628,100800,SeoYeon,패션의류,여성의류,원피스,,원피스,"격식,하객","단정,우아한","포멀,하객룩","가을,봄"
하객룩 원피스,5월 결혼식 하객룩 봄 블랙 롱 벨트 뷔스티에원피스 정장 예복 원피스 상견례옷차림,https://shopping-phinf.pstatic.net/main_8897563/88975634480.7.jpg,https://smartstore.naver.com/main/products/11431124116,62900,마리스 MARIS,패션의류,여성의류,원피스,,원피스,"격식,하객","단정,우아한","포멀,하객룩","가을,봄"
하객룩 원피스,우아모 깔끔한 타이 카라 롱원피스 중년여성 하객룩 봄여름 정장 엄마옷,https://shopping-phinf.pstatic.net/main_8610092/86100924317.9.jpg,https://smartstore.naver.com/main/products/8556423994,75800,엄마옷우아모,패션의류,여성의류,원피스,,원피스,"격식,하객","단정,우아한","포멀,하객룩","가을,봄"
하객룩 원피스,[BEST] 자체제작 -5kg 시그니처 플라워 쉬폰 잔꽃무늬 스퀘어넥 머메이드 롱 원피스 휴양지룩,https://shopping-phinf.pstatic.net/main_8312722/83127224809.7.jpg,https://smartstore.naver.com/main/products/5582728694,62000,디에네스,패션의류,여성의류,원피스,,원피스,"격식,하객","단정,우아한","포멀,하객룩","가을,봄"
하객룩 원피스,6월 결혼식 하객룩 여름 하객원피스 빅사이즈 77 정장원피스 피로연 상견례옷차림,https://shopping-phinf.pstatic.net/main_8843481/88434817097.2.jpg,https://smartstore.naver.com/main/products/10890311079,79400,애즈라이크,패션의류,여성의류,원피스,,원피스,"격식,하객","단정,우아한","포멀,하객룩","가을,봄"
하객룩 원피스,여름 하객룩 트위드 반팔 원피스 롱 정장 돌잔치 엄마 상견례 투피스 빅사이즈원피스,https://shopping-phinf.pstatic.net/main_8958048/89580485207.1.jpg,https://smartstore.naver.com/main/products/12035974515,58800,서리언니,패션의류,여성의류,원피스,,원피스,"격식,하객","단정,우아한","포멀,하객룩","가을,봄"
하객룩 원피스,빅사이즈 엄마 중년원피스 50대 결혼식 하객룩 여름원피스 결혼식복장,https://shopping-phinf.pstatic.net/main_8922665/89226652369.4.jpg,https://smartstore.naver.com/main/products/11682141902,35900,이즈라이프리더,패션의류,여성의류,원피스,,원피스,"격식,하객","단정,우아한","포멀,하객룩","가을,봄"
하객룩 원피스,"반팔 데님 원피스 (벨트세트) (하객룩, 하객원피스)",https://shopping-phinf.pstatic.net/main_5581872/55818723549.jpg,https://web.queenit.kr/product/421b849e05731238976b9f01d96c7e31?open_app=true,35900,퀸잇,패션의류,여성의류,원피스,,원피스,"격식,하객","단정,우아한","포멀,하객룩","가을,봄"
하객룩 원피스,자체제작 플레어 정장 하객 원피스 빅사이즈 77사이즈 88 봄 결혼식하객룩 상견례옷차림,https://shopping-phinf.pstatic.net/main_8223854/82238540471.4.jpg,https://shopping.naver.com/outlink/itemdetail/4694019753,108000,바이감,패션의류,여성의류,원피스,,원피스,"격식,하객","단정,우아한","포멀,하객룩","가을,봄"
하객룩 원피스,[여름버전/Best] 자체제작 스퀘어넥 벨트 슬림핏 H라인 롱 원피스 하객룩 상견례룩,https://shopping-phinf.pstatic.net/main_8854282/88542825745.2.jpg,https://smartstore.naver.com/main/products/10998319692,68000,디에네스,패션의류,여성의류,원피스,,원피스,"격식,하객","단정,우아한","포멀,하객룩","가을,봄"
하객룩 원피스,여름 원피스 빅사이즈 플리츠 주름 링클 반팔 롱 원피스 하객,https://shopping-phinf.pstatic.net/main_8209474/82094742200.14.jpg,https://smartstore.naver.com/main/products/4550222148,19800,바이엘르,패션의류,여성의류,원피스,,원피스,"격식,하객","단정,우아한","포멀,하객룩","가을,봄"
하객룩 원피스,가을 뷔스티에 레이어드 랩 하객 원피스 하객룩,https://shopping-phinf.pstatic.net/main_5673020/56730202527.20250915011637.jpg,https://search.shopping.naver.com/catalog/56730202527,58900,네이버,패션의류,여성의류,원피스,,원피스,"격식,하객","단정,우아한","포멀,하객룩","가을,봄"
하객룩 원피스,로랑 롱 원피스 (반팔/긴팔옵션),https://shopping-phinf.pstatic.net/main_8618576/86185768404.1.jpg,https://smartstore.naver.com/main/products/8641268081,25200,로로희,패션의류,여성의류,원피스,,원피스,"격식,하객","단정,우아한","포멀,하객룩","가을,봄"
데일리룩 가디건,여성 봄 여름 간절기 루즈핏 브이넥 사무실 부클 니트 가디건,https://shopping-phinf.pstatic.net/main_8571743/85717439295.7.jpg,https://smartstore.naver.com/main/products/8172938972,19760,미닝유,패션의류,여성의류,니트,카디건,상의,"데일리,캠퍼스","캐주얼,편안한","데일리룩,베이직","가을,봄"
데일리룩 가디건,봄 가을 간절기 라운드 루즈핏 가디건 레드 그린 핑크 화이트 블랙 옐로우,https://shopping-phinf.pstatic.net/main_8301144/83011442056.3.jpg,https://smartstore.naver.com/main/products/5466947569,22900,ARUMY,패션의류,여성의류,니트,카디건,상의,"데일리,캠퍼스","캐주얼,편안한","데일리룩,베이직","가을,봄"
데일리룩 가디건,브이넥 얇은 비치 볼레로가디건 휴양지 망사 긴팔 시스루 봄 가을 크롭 니트 숏 여름 가디건,https://shopping-phinf.pstatic.net/main_1145053/11450534248.8.jpg,https://smartstore.naver.com/main/products/744883840,17900,센데로,패션의류,여성의류,니트,카디건,상의,"데일리,캠퍼스","캐주얼,편안한","데일리룩,베이직","가을,봄"
데일리룩 가디건,[백화점] 폴로 걸즈 케이블 코튼 꽈배기 가디건 가품1000%보상,https://shopping-phinf.pstatic.net/main_8454810/84548108409.6.jpg,https://smartstore.naver.com/main/products/7003608087,79000,로켓뉴욕,패션의류,여성의류,니트,카디건,상의,"데일리,캠퍼스","캐주얼,편안한","데일리룩,베이직","가을,봄"
데일리룩 가디건,오버핏 브이넥 린넨 여자 가디건 시스루 여성 여름 가디건 얇은 긴팔 썸머 니트 가디건,https://shopping-phinf.pstatic.net/main_8408361/84083614959.2.jpg,https://smartstore.naver.com/main/products/6539114626,19800,코이블리,패션의류,여성의류,니트,카디건,상의,"데일리,캠퍼스","캐주얼,편안한","데일리룩,베이직","가을,봄"
데일리룩 가디건,부드러운 캐시미어 니트 가디건 크롭 숏 라운드 여성 가디건 봄 레드 블랙 핑크,https://shopping-phinf.pstatic.net/main_8237267/82372678315.4.jpg,https://smartstore.naver.com/main/products/4828155463,19800,코이블리,패션의류,여성의류,니트,카디건,상의,"데일리,캠퍼스","캐주얼,편안한","데일리룩,베이직","가을,봄"
데일리룩 가디건,꼼데가르송 기본와펜 가디건 여성용,https://shopping-phinf.pstatic.net/main_8228612/82286128596.6.jpg,https://smartstore.naver.com/main/products/4741606965,258760,레이바쿠,패션의류,여성의류,니트,카디건,상의,"데일리,캠퍼스","캐주얼,편안한","데일리룩,베이직","가을,봄"
데일리룩 가디건,봄 여름 브이넥 쿨 가오리 니트가디건 데일리룩 미시룩 DO,https://shopping-phinf.pstatic.net/main_8767443/87674435768.jpg,https://smartstore.naver.com/main/products/10129932692,19200,꽃보다그대,패션의류,여성의류,니트,카디건,상의,"데일리,캠퍼스","캐주얼,편안한","데일리룩,베이직","가을,봄"
데일리룩 가디건,제너럴아이디어 에센셜 크루넥 가디건 WBD3L04501,https://shopping-phinf.pstatic.net/main_5761101/57611017410.20251106134741.jpg,https://search.shopping.naver.com/catalog/57611017410,31590,네이버,패션의류,여성의류,니트,카디건,상의,"데일리,캠퍼스","캐주얼,편안한","데일리룩,베이직","가을,봄"
데일리룩 가디건,[아이메르]썸머 골지 라운드가디건/여름 필수 살안타템 에어컨 단추 린넨 가디건,https://shopping-phinf.pstatic.net/main_8811891/88118918021.jpg,https://smartstore.naver.com/main/products/10574412431,25650,I.MER 아이메르,패션의류,여성의류,니트,카디건,상의,"데일리,캠퍼스","캐주얼,편안한","데일리룩,베이직","가을,봄"
데일리룩 가디건,여름 간절기 레이어드숄 페이크 숄 가디건,https://shopping-phinf.pstatic.net/main_8957967/89579679400.jpg,https://smartstore.naver.com/main/products/12035168708,9800,달뮤트 DALMUTE,패션의류,여성의류,니트,카디건,상의,"데일리,캠퍼스","캐주얼,편안한","데일리룩,베이직","가을,봄"
데일리룩 가디건,제너럴아이디어 텐셀 케이블 가디건 WBD2L43545,https://shopping-phinf.pstatic.net/main_5487609/54876091333.20251222114854.jpg,https://search.shopping.naver.com/catalog/54876091333,27080,네이버,패션의류,여성의류,니트,카디건,상의,"데일리,캠퍼스","캐주얼,편안한","데일리룩,베이직","가을,봄"
데일리룩 가디건,썸머 니트 볼레로 가디건,https://shopping-phinf.pstatic.net/main_8315672/83156724192.jpg,https://smartstore.naver.com/main/products/5612227691,13390,쥬니마루,패션의류,여성의류,니트,카디건,상의,"데일리,캠퍼스","캐주얼,편안한","데일리룩,베이직","가을,봄"
데일리룩 가디건,데일리 브이넥 크롭 린넨가디건 숏 여자 썸머 가디건 얇은 반팔 니트가디건 여름 블랙 핑크,https://shopping-phinf.pstatic.net/main_8579911/85799111313.jpg,https://smartstore.naver.com/main/products/8254610990,15800,코이블리,패션의류,여성의류,니트,카디건,상의,"데일리,캠퍼스","캐주얼,편안한","데일리룩,베이직","가을,봄"
데일리룩 가디건,여자 보풀없는 캐시미어 비스코스 라운드 니트 가디건 병원 사무실,https://shopping-phinf.pstatic.net/main_8293607/82936073452.3.jpg,https://smartstore.naver.com/main/products/5391580059,27900,지읒이응,패션의류,여성의류,니트,카디건,상의,"데일리,캠퍼스","캐주얼,편안한","데일리룩,베이직","가을,봄"
데일리룩 가디건,라코스테 케이블 크루넥 가디건 AF092E 55N,https://shopping-phinf.pstatic.net/main_5587790/55877903459.20250922144425.jpg,https://search.shopping.naver.com/catalog/55877903459,269080,네이버,패션의류,여성의류,니트,카디건,상의,"데일리,캠퍼스","캐주얼,편안한","데일리룩,베이직","가을,봄"
데일리룩 가디건,얇은 여성 롱 가디건 시스루 루즈핏 가디건 데일리룩 여름,https://shopping-phinf.pstatic.net/main_9086393/90863933441.jpg,https://smartstore.naver.com/main/products/13319423109,23860,여름피서모자바지티셔츠,패션의류,여성의류,니트,카디건,상의,"데일리,캠퍼스","캐주얼,편안한","데일리룩,베이직","가을,봄"
데일리룩 가디건,빅사이즈 여성 니트 여름가디건 오버핏 간절기,https://shopping-phinf.pstatic.net/main_8322402/83224029695.2.jpg,https://smartstore.naver.com/main/products/5679532119,18800,슈슈벨르,패션의류,여성의류,니트,카디건,상의,"데일리,캠퍼스","캐주얼,편안한","데일리룩,베이직","가을,봄"
데일리룩 가디건,도톰한 투톤 배색 니트 가디건 직장인니트 여자오버핏카디건 데일리룩,https://shopping-phinf.pstatic.net/main_9007473/90074730922.jpg,https://smartstore.naver.com/main/products/12530220069,57670,밝은숲마켓,패션의류,여성의류,니트,카디건,상의,"데일리,캠퍼스","캐주얼,편안한","데일리룩,베이직","가을,봄"
데일리룩 가디건,메종키츠네 가디건 더블 폭스헤드 칠렉스 베이비폭스,https://shopping-phinf.pstatic.net/main_8596612/85966127560.2.jpg,https://smartstore.naver.com/main/products/8421627237,185500,조하리스토어,패션의류,여성의류,니트,카디건,상의,"데일리,캠퍼스","캐주얼,편안한","데일리룩,베이직","가을,봄"
